{
  "id": "mm:cokery",
  "name": "Cokery",
  "controllerIds": [
    "mm:cokery_controller"
  ],
  "layout": [
    [
      "SSS",
      "SSS",
      "SSS"
    ],
    [
      "BCB",
      "I O",
      "SSS"
    ],
    [
      "BSB",
      "B B",
      "BBB"
    ],
    [
      "SSS",
      "SSS",
      "SSS"
    ]
  ],
  "key": {
    "B": {
      "block": "create:small_scoria_bricks"
    },
    "S": {
      "block": "create:cut_scorchia_bricks"
    },
    "I": {
      "block": "mm:mini_item_input"
    },
    "O": {
      "block": "mm:mini_item_output"
    }
  }
}